{
    "name": "root",
    "metadata": {
        "timer_format_version": "0.1.0",
        "start_time_seconds": "1762345338",
        "python_version": "3.10.11 (tags/v3.10.11:7d4cc5a, Apr  5 2023, 00:38:17) [MSC v.1929 64 bit (AMD64)]",
        "command_line_arguments": "C:\\Users\\Marci\\01Info\\UnitySzakDoga\\Platformer_Game\\venv\\Scripts\\mlagents-learn --force",
        "mlagents_version": "1.1.0",
        "mlagents_envs_version": "1.1.0",
        "communication_protocol_version": "1.5.0",
        "pytorch_version": "2.0.1+cpu",
        "numpy_version": "1.23.5",
        "end_time_seconds": "1762345465"
    },
    "total": 126.83223050000015,
    "count": 1,
    "self": 0.011015000003681052,
    "children": {
        "run_training.setup": {
            "total": 0.09834649999902467,
            "count": 1,
            "self": 0.09834649999902467
        },
        "TrainerController.start_learning": {
            "total": 126.72286899999744,
            "count": 1,
            "self": 0.03178429997205967,
            "children": {
                "TrainerController._reset_env": {
                    "total": 9.749486000000616,
                    "count": 1,
                    "self": 9.749486000000616
                },
                "TrainerController.advance": {
                    "total": 116.07097180002529,
                    "count": 848,
                    "self": 0.029800700020132354,
                    "children": {
                        "env_step": {
                            "total": 115.87392899997576,
                            "count": 848,
                            "self": 112.52957700000479,
                            "children": {
                                "SubprocessEnvManager._take_step": {
                                    "total": 3.3237353000076837,
                                    "count": 848,
                                    "self": 0.10258980005164631,
                                    "children": {
                                        "TorchPolicy.evaluate": {
                                            "total": 3.2211454999560374,
                                            "count": 848,
                                            "self": 3.2211454999560374
                                        }
                                    }
                                },
                                "workers": {
                                    "total": 0.02061669996328419,
                                    "count": 847,
                                    "self": 0.0,
                                    "children": {
                                        "worker_root": {
                                            "total": 52.9654075999897,
                                            "count": 847,
                                            "is_parallel": true,
                                            "self": 5.3317917999083875,
                                            "children": {
                                                "steps_from_proto": {
                                                    "total": 0.00463579999996,
                                                    "count": 1,
                                                    "is_parallel": true,
                                                    "self": 0.0010337999992771074,
                                                    "children": {
                                                        "_process_rank_one_or_two_observation": {
                                                            "total": 0.0036020000006828923,
                                                            "count": 2,
                                                            "is_parallel": true,
                                                            "self": 0.0036020000006828923
                                                        }
                                                    }
                                                },
                                                "UnityEnvironment.step": {
                                                    "total": 47.628980000081356,
                                                    "count": 847,
                                                    "is_parallel": true,
                                                    "self": 0.11816660002295976,
                                                    "children": {
                                                        "UnityEnvironment._generate_step_input": {
                                                            "total": 0.12761729993871995,
                                                            "count": 847,
                                                            "is_parallel": true,
                                                            "self": 0.12761729993871995
                                                        },
                                                        "communicator.exchange": {
                                                            "total": 47.01016950005214,
                                                            "count": 847,
                                                            "is_parallel": true,
                                                            "self": 47.01016950005214
                                                        },
                                                        "steps_from_proto": {
                                                            "total": 0.37302660006753285,
                                                            "count": 847,
                                                            "is_parallel": true,
                                                            "self": 0.2369444999822008,
                                                            "children": {
                                                                "_process_rank_one_or_two_observation": {
                                                                    "total": 0.13608210008533206,
                                                                    "count": 1694,
                                                                    "is_parallel": true,
                                                                    "self": 0.13608210008533206
                                                                }
                                                            }
                                                        }
                                                    }
                                                }
                                            }
                                        }
                                    }
                                }
                            }
                        },
                        "trainer_advance": {
                            "total": 0.167242100029398,
                            "count": 847,
                            "self": 0.03719910006475402,
                            "children": {
                                "process_trajectory": {
                                    "total": 0.13004299996464397,
                                    "count": 847,
                                    "self": 0.13004299996464397
                                }
                            }
                        }
                    }
                },
                "TrainerController._save_models": {
                    "total": 0.8706268999994791,
                    "count": 1,
                    "self": 0.0022653999985777773,
                    "children": {
                        "RLTrainer._checkpoint": {
                            "total": 0.8683615000009013,
                            "count": 1,